{"stats":{"minecraft:killed":{"minecraft:spider":1,"minecraft:skeleton":3,"minecraft:chicken":4,"minecraft:piglin":2,"minecraft:pig":4,"minecraft:hoglin":2,"minecraft:creeper":2,"minecraft:sheep":7,"minecraft:zombie":6,"minecraft:blaze":11,"minecraft:cow":1},"minecraft:custom":{"minecraft:mob_kills":48,"minecraft:interact_with_crafting_table":34,"minecraft:bell_ring":1,"minecraft:leave_game":1,"minecraft:time_since_death":5093,"minecraft:climb_one_cm":201,"minecraft:sprint_one_cm":267427,"minecraft:walk_one_cm":454850,"minecraft:damage_blocked_by_shield":1204,"minecraft:drop":36,"minecraft:talked_to_villager":4,"minecraft:play_time":86427,"minecraft:deaths":3,"minecraft:sneak_time":155,"minecraft:walk_under_water_one_cm":4950,"minecraft:boat_one_cm":38888,"minecraft:jump":1063,"minecraft:interact_with_blast_furnace":8,"minecraft:walk_on_water_one_cm":8496,"minecraft:total_world_time":86427,"minecraft:interact_with_furnace":25,"minecraft:sleep_in_bed":5,"minecraft:time_since_rest":5121,"minecraft:damage_taken":1922,"minecraft:damage_dealt":7515,"minecraft:fly_one_cm":99502,"minecraft:open_chest":55,"minecraft:crouch_one_cm":313,"minecraft:fall_one_cm":23713},"minecraft:picked_up":{"minecraft:crafting_table":8,"minecraft:iron_chestplate":3,"minecraft:chicken":4,"minecraft:sentry_armor_trim_smithing_template":2,"minecraft:oak_stairs":2,"minecraft:shield":4,"minecraft:cornflower":8,"minecraft:iron_axe":1,"minecraft:flint_and_steel":1,"minecraft:iron_leggings":1,"minecraft:shroomlight":2,"minecraft:gold_nugget":33,"minecraft:bucket":2,"minecraft:spruce_planks":1,"minecraft:beef":3,"minecraft:oak_boat":2,"minecraft:poppy":5,"minecraft:iron_pickaxe":1,"minecraft:sugar_cane":3,"minecraft:chest":3,"minecraft:iron_boots":1,"minecraft:furnace":3,"minecraft:stick":6,"minecraft:raw_iron":10,"minecraft:torch":24,"minecraft:porkchop":2,"minecraft:pointed_dripstone":1,"minecraft:diorite":11,"minecraft:stone_sword":1,"minecraft:arrow":4,"minecraft:rotten_flesh":4,"minecraft:shears":2,"minecraft:blaze_rod":10,"minecraft:mutton":9,"minecraft:white_wool":47,"minecraft:cobblestone":62,"minecraft:birch_log":19,"minecraft:magma_block":1,"minecraft:feather":1,"minecraft:cooked_beef":6,"minecraft:crimson_stem":9,"minecraft:leather":10,"minecraft:potato":48,"minecraft:birch_planks":1,"minecraft:flint":1,"minecraft:oak_log":15,"minecraft:nether_wart_block":30,"minecraft:yellow_bed":4,"minecraft:gunpowder":2,"minecraft:dirt":146,"minecraft:cooked_mutton":14,"minecraft:bone":10,"minecraft:wheat_seeds":4,"minecraft:iron_ingot":32,"minecraft:stone_pickaxe":2,"minecraft:iron_sword":2,"minecraft:oak_planks":31,"minecraft:stone_hoe":2,"minecraft:warped_fungus":1,"minecraft:cooked_porkchop":22,"minecraft:stone_brick_slab":3,"minecraft:dandelion":16,"minecraft:poisonous_potato":2,"minecraft:dripstone_block":2,"minecraft:blast_furnace":1,"minecraft:white_bed":34,"minecraft:spruce_log":5,"minecraft:mossy_stone_brick_slab":1,"minecraft:dark_oak_log":8,"minecraft:mossy_cobblestone":1,"minecraft:stone_axe":1,"minecraft:crossbow":2,"minecraft:bone_meal":9,"minecraft:grass":6,"minecraft:gray_wool":4,"minecraft:bread":7,"minecraft:netherrack":83,"minecraft:black_wool":4,"minecraft:coal":59,"minecraft:crimson_roots":2},"minecraft:broken":{"minecraft:stone_pickaxe":1},"minecraft:dropped":{"minecraft:wheat_seeds":4,"minecraft:cooked_beef":10,"minecraft:dripstone_block":2,"minecraft:cooked_porkchop":6,"minecraft:stick":1,"minecraft:grass":6,"minecraft:gray_wool":4,"minecraft:cornflower":2,"minecraft:white_wool":19,"minecraft:dandelion":2,"minecraft:cooked_chicken":2,"minecraft:pointed_dripstone":1,"minecraft:iron_boots":1,"minecraft:poppy":1,"minecraft:shield":3,"minecraft:gunpowder":1,"minecraft:spruce_planks":1,"minecraft:stone_pickaxe":1,"minecraft:wooden_pickaxe":1,"minecraft:black_wool":4},"minecraft:crafted":{"minecraft:oak_planks":60,"minecraft:cooked_chicken":3,"minecraft:furnace":2,"minecraft:bone_meal":24,"minecraft:cooked_mutton":12,"minecraft:iron_boots":1,"minecraft:stone_pickaxe":3,"minecraft:chest":3,"minecraft:stone_hoe":1,"minecraft:wooden_shovel":1,"minecraft:cooked_porkchop":2,"minecraft:crafting_table":2,"minecraft:spruce_planks":20,"minecraft:wooden_pickaxe":1,"minecraft:iron_sword":1,"minecraft:bucket":1,"minecraft:stone_axe":1,"minecraft:bread":1,"minecraft:air":0,"minecraft:oak_boat":2,"minecraft:iron_chestplate":1,"minecraft:shield":2,"minecraft:stick":32,"minecraft:stone_sword":1,"minecraft:iron_leggings":1,"minecraft:torch":60,"minecraft:shears":1},"minecraft:mined":{"minecraft:nether_gold_ore":8,"minecraft:white_bed":8,"minecraft:mossy_cobblestone":1,"minecraft:mossy_stone_brick_slab":1,"minecraft:grass_block":58,"minecraft:crimson_roots":1,"minecraft:weeping_vines":2,"minecraft:spruce_leaves":3,"minecraft:crimson_stem":1,"minecraft:magma_block":2,"minecraft:furnace":3,"minecraft:iron_ore":1,"minecraft:fire":18,"minecraft:potatoes":13,"minecraft:shroomlight":2,"minecraft:oak_stairs":2,"minecraft:stone":40,"minecraft:crimson_nylium":8,"minecraft:stone_brick_slab":3,"minecraft:dandelion":13,"minecraft:crafting_table":5,"minecraft:cornflower":7,"minecraft:blast_furnace":1,"minecraft:poppy":2,"minecraft:chest":3,"minecraft:cobblestone":18,"minecraft:tall_grass":10,"minecraft:oak_planks":1,"minecraft:diorite":11,"minecraft:birch_planks":1,"minecraft:nether_wart_block":26,"minecraft:birch_log":19,"minecraft:spruce_log":5,"minecraft:warped_fungus":1,"minecraft:yellow_bed":4,"minecraft:grass":24,"minecraft:coal_ore":27,"minecraft:oak_log":16,"minecraft:dirt":30,"minecraft:dripstone_block":2,"minecraft:gravel":1,"minecraft:netherrack":78},"minecraft:killed_by":{"minecraft:wither_skeleton":1,"minecraft:iron_golem":1,"minecraft:blaze":1},"minecraft:used":{"minecraft:stone_sword":64,"minecraft:poppy":2,"minecraft:chest":6,"minecraft:shield":38,"minecraft:iron_sword":103,"minecraft:wooden_shovel":51,"minecraft:stone_hoe":89,"minecraft:cooked_chicken":1,"minecraft:rotten_flesh":6,"minecraft:netherrack":40,"minecraft:iron_chestplate":1,"minecraft:torch":40,"minecraft:dirt":81,"minecraft:lava_bucket":1,"minecraft:furnace":5,"minecraft:potato":68,"minecraft:cooked_mutton":13,"minecraft:water_bucket":3,"minecraft:diorite":11,"minecraft:stone_pickaxe":208,"minecraft:wooden_pickaxe":6,"minecraft:crafting_table":6,"minecraft:blast_furnace":1,"minecraft:white_bed":2,"minecraft:shears":1,"minecraft:cornflower":4,"minecraft:stone_axe":58,"minecraft:nether_wart_block":18,"minecraft:cobblestone":19,"minecraft:cooked_porkchop":2,"minecraft:bucket":5,"minecraft:yellow_bed":6,"minecraft:oak_boat":2,"minecraft:dandelion":11,"minecraft:bone_meal":30,"minecraft:experience_bottle":1}},"DataVersion":3465}