{"stats":{"minecraft:picked_up":{"minecraft:sculk_catalyst":17,"relics:magma_walker":4,"endrem:nether_eye":4,"relics:jellyfish_necklace":1,"tombstone:grave_dust":1,"minecraft:gunpowder":1,"minecraft:warden_spawn_egg":1,"relics:midnight_robe":3,"minecraft:string":2,"minecraft:arrow":3,"minecraft:bone":3,"minecraft:rotten_flesh":6,"relics:spatial_sign":4,"relics:arrow_quiver":5,"relics:researching_table":1,"minecraft:gold_ingot":1,"relics:reflection_necklace":1,"relics:drowned_belt":3,"minecraft:cobblestone":1},"minecraft:killed":{"minecraft:skeleton":3,"minecraft:zombie":5,"minecraft:spider":1,"minecraft:rabbit":3,"minecraft:warden":9,"minecraft:piglin_brute":1,"minecraft:creeper":2,"minecraft:blaze":3},"minecraft:used":{"minecraft:warden_spawn_egg":9,"advancednetherite:netherite_diamond_sword":8,"simplyswords:decaying_relic":10,"minecraft:netherite_sword":18,"simplyswords:enigma":24,"relics:researching_table":2,"minecraft:flint_and_steel":2,"minecraft:netherite_axe":5,"advancednetherite:netherite_diamond_chestplate":1,"simplyswords:wickpiercer":13,"advancednetherite:netherite_diamond_helmet":1,"simplyswords:magispear":7,"advancednetherite:netherite_diamond_boots":1,"advancednetherite:netherite_emerald_sword":11,"simplyswords:tempest":24,"simplyswords:magiscythe":15,"advancednetherite:netherite_diamond_leggings":1,"tombstone:gift":1,"simplyswords:flamewind":3,"simplyswords:ribboncleaver":26,"minecraft:enchanted_golden_apple":2,"endrem:nether_eye":12,"minecraft:obsidian":61},"minecraft:killed_by":{"minecraft:skeleton":1,"minecraft:zombie":1},"minecraft:custom":{"minecraft:time_since_rest":151,"minecraft:damage_taken":608,"minecraft:sprint_one_cm":37213,"minecraft:walk_one_cm":59874,"minecraft:mob_kills":27,"minecraft:drop":10,"minecraft:damage_dealt":13780,"minecraft:fly_one_cm":726388,"minecraft:crouch_one_cm":729,"minecraft:play_time":56189,"tombstone:undead_killed":8,"minecraft:deaths":2,"minecraft:sneak_time":630,"minecraft:jump":555,"minecraft:leave_game":2,"minecraft:time_since_death":123,"minecraft:total_world_time":56189,"minecraft:fall_one_cm":2719},"minecraft:dropped":{"minecraft:sculk_catalyst":8,"relics:drowned_belt":2,"minecraft:warden_spawn_egg":1,"relics:jellyfish_necklace":1,"relics:midnight_robe":1,"relics:arrow_quiver":1,"relics:magma_walker":2,"relics:spatial_sign":1}},"DataVersion":3463}