{"stats":{"minecraft:killed":{"minecraft:piglin":2,"minecraft:pig":3,"minecraft:iron_golem":5,"minecraft:hoglin":1,"minecraft:creeper":1,"minecraft:sheep":2,"minecraft:skeleton":5,"minecraft:zombie":5,"minecraft:wither_skeleton":1,"minecraft:blaze":11,"minecraft:cow":1},"minecraft:custom":{"minecraft:interact_with_furnace":13,"minecraft:mob_kills":38,"minecraft:interact_with_crafting_table":34,"minecraft:leave_game":1,"minecraft:time_since_death":8451,"minecraft:sleep_in_bed":5,"minecraft:climb_one_cm":186,"minecraft:time_since_rest":8685,"minecraft:sprint_one_cm":273208,"minecraft:damage_absorbed":40,"minecraft:damage_taken":2137,"minecraft:walk_one_cm":193467,"minecraft:drop":16,"minecraft:damage_dealt":10187,"minecraft:swim_one_cm":2460,"minecraft:fly_one_cm":522066,"minecraft:open_chest":53,"minecraft:crouch_one_cm":4491,"minecraft:deaths":1,"minecraft:play_time":85814,"minecraft:sneak_time":3111,"minecraft:walk_under_water_one_cm":3755,"minecraft:boat_one_cm":51374,"minecraft:jump":2489,"minecraft:interact_with_blast_furnace":5,"minecraft:walk_on_water_one_cm":5267,"minecraft:total_world_time":85814,"minecraft:fall_one_cm":69679},"minecraft:picked_up":{"minecraft:magma_block":1,"minecraft:crafting_table":1,"minecraft:cooked_beef":11,"minecraft:crimson_stem":9,"minecraft:yellow_wool":6,"minecraft:leather":2,"minecraft:oak_log":22,"minecraft:nether_wart_block":24,"minecraft:shield":1,"minecraft:gunpowder":1,"minecraft:cornflower":1,"minecraft:string":1,"minecraft:dirt":46,"minecraft:cooked_mutton":2,"minecraft:bone":5,"minecraft:gold_nugget":4,"minecraft:iron_ingot":14,"minecraft:stone_pickaxe":1,"minecraft:cooked_chicken":2,"minecraft:poppy":6,"minecraft:sugar_cane":1,"minecraft:egg":1,"minecraft:stone_hoe":1,"minecraft:iron_boots":1,"minecraft:raw_iron":22,"minecraft:stick":9,"minecraft:cooked_porkchop":12,"minecraft:torch":22,"minecraft:dandelion":2,"minecraft:porkchop":3,"minecraft:spruce_sapling":4,"minecraft:carrot":1,"minecraft:spruce_log":35,"minecraft:spider_eye":1,"minecraft:weeping_vines":1,"minecraft:arrow":5,"minecraft:rotten_flesh":7,"minecraft:stone_axe":1,"minecraft:hay_block":10,"minecraft:crossbow":1,"minecraft:blaze_rod":4,"minecraft:gray_wool":1,"minecraft:netherrack":67,"minecraft:crimson_roots":2,"minecraft:black_wool":2,"minecraft:mutton":3,"minecraft:coal":15,"minecraft:cobblestone":47,"minecraft:white_wool":98},"minecraft:broken":{"minecraft:stone_pickaxe":1,"minecraft:golden_shovel":1},"minecraft:crafted":{"minecraft:oak_planks":88,"minecraft:crafting_table":3,"minecraft:spruce_planks":140,"minecraft:cooked_chicken":1,"minecraft:iron_sword":1,"minecraft:yellow_bed":2,"minecraft:bucket":1,"minecraft:bone_meal":9,"minecraft:birch_planks":76,"minecraft:stone_axe":1,"minecraft:bread":30,"minecraft:air":0,"minecraft:flint_and_steel":1,"minecraft:iron_chestplate":1,"minecraft:iron_axe":1,"minecraft:stick":8,"minecraft:iron_ingot":26,"minecraft:iron_pickaxe":1,"minecraft:gold_ingot":3,"minecraft:stone_sword":1,"minecraft:chest":2,"minecraft:white_bed":36,"minecraft:shears":1,"minecraft:wheat":90},"minecraft:mined":{"minecraft:nether_gold_ore":2,"minecraft:crimson_nylium":24,"minecraft:dandelion":1,"minecraft:crafting_table":1,"minecraft:grass_block":3,"minecraft:weeping_vines":2,"minecraft:cobblestone":8,"minecraft:spruce_leaves":8,"minecraft:sugar_cane":2,"minecraft:crimson_stem":10,"minecraft:hay_block":10,"minecraft:nether_wart_block":20,"minecraft:fire":4,"minecraft:yellow_wool":6,"minecraft:iron_ore":26,"minecraft:spruce_log":35,"minecraft:grass":7,"minecraft:coal_ore":15,"minecraft:oak_log":22,"minecraft:deepslate_iron_ore":1,"minecraft:dirt":44,"minecraft:stone":39,"minecraft:netherrack":54,"minecraft:white_wool":6,"minecraft:oak_leaves":3},"minecraft:dropped":{"minecraft:stone_hoe":1,"minecraft:iron_ingot":21,"minecraft:stone_axe":1,"minecraft:cooked_porkchop":4,"minecraft:crossbow":1,"minecraft:cobblestone":4,"minecraft:cooked_mutton":2,"minecraft:stick":5,"minecraft:dirt":36,"minecraft:gray_wool":1,"minecraft:torch":22,"minecraft:crimson_roots":1,"minecraft:bone_meal":9},"minecraft:used":{"minecraft:water_bucket":8,"minecraft:stone_sword":26,"minecraft:flint_and_steel":13,"minecraft:birch_planks":20,"minecraft:stone_pickaxe":107,"minecraft:poppy":4,"minecraft:chest":2,"minecraft:iron_sword":38,"minecraft:cooked_chicken":3,"minecraft:netherrack":54,"minecraft:golden_apple":1,"minecraft:dirt":8,"minecraft:crafting_table":4,"minecraft:white_bed":2,"minecraft:golden_shovel":32,"minecraft:shears":12,"minecraft:obsidian":3,"minecraft:black_wool":2,"minecraft:lava_bucket":11,"minecraft:iron_axe":82,"minecraft:bread":23,"minecraft:iron_pickaxe":89,"minecraft:spruce_sapling":4,"minecraft:stone_axe":75,"minecraft:magma_block":1,"minecraft:cobblestone":48,"minecraft:cooked_porkchop":3,"minecraft:porkchop":3,"minecraft:bucket":19,"minecraft:egg":1,"minecraft:cooked_beef":6,"minecraft:dandelion":1}},"DataVersion":3465}