{"stats":{"minecraft:killed":{"minecraft:zombie":1},"minecraft:used":{"minecraft:stone_axe":9,"minecraft:stone_sword":5,"minecraft:crafting_table":1,"minecraft:oak_sapling":2,"minecraft:stone_pickaxe":17,"minecraft:wooden_pickaxe":7},"minecraft:custom":{"minecraft:time_since_rest":13065,"minecraft:sprint_one_cm":11025,"minecraft:play_time":13065,"minecraft:damage_taken":45,"minecraft:walk_one_cm":8486,"minecraft:mob_kills":1,"minecraft:jump":114,"minecraft:damage_dealt":200,"minecraft:leave_game":3,"minecraft:time_since_death":13065,"minecraft:total_world_time":13065,"minecraft:interact_with_crafting_table":5,"minecraft:fall_one_cm":3135,"minecraft:fly_one_cm":29273},"minecraft:crafted":{"minecraft:stone_sword":1,"minecraft:oak_planks":20,"minecraft:stone_axe":1,"minecraft:crafting_table":1,"minecraft:stick":8,"minecraft:wooden_pickaxe":1,"minecraft:stone_pickaxe":1},"minecraft:mined":{"minecraft:grass":5,"minecraft:oak_log":9,"minecraft:stone":24,"minecraft:oak_leaves":4,"minecraft:crafting_table":1},"minecraft:picked_up":{"minecraft:crafting_table":1,"minecraft:rotten_flesh":1,"minecraft:apple":1,"minecraft:oak_log":9,"minecraft:oak_sapling":5,"minecraft:cobblestone":24}},"DataVersion":3465}